product_id,category_id,description,like_count,product_name,price,quantity,rep_img
22,0,"화면크기 :?10.4인치(26.4cm)내장메모리 :?128GB인터넷연결 :?WiFi전용램(RAM) :?4GB형태 :?패드형출시OS :?안드로이드10블루투스 :?블루투스5.0LE배터리용량 :?7,040mAh카메라화소(전면) :?500만품목 :?태블릿PC무게 :?467g두께 :?7mm가로 :?154.3mm세로 :?244.5mm카메라화소(후면) :?800만제품정보더보기",0,삼성전자 갤럭시탭S6 10.4 Lite WiFi 128G (SM-P610),465300,100,https://shopping-phinf.pstatic.net/main_2304653/23046533491.20220905105816.jpg?type=f640
38,0,"종류 :?LEDTV화면크기 :?81.28cm(32인치)해상도 :?HDUSB기능 :?USB재생(동영상,사진,음악)음향 :?10W(2채널)단자 :?HDMI(2개), USB에너지효율 :?1등급제품정보더보기",0,삼성전자 삼성 UN32N4010AFXKR,239000,100,https://shopping-phinf.pstatic.net/main_1661018/16610186541.20200408151256.jpg?type=f640
40,0,"단자 :?HDMI(ARC)사운드포맷 :?DTS:X, 돌비디지털(True-HD), 돌비디지털Plus, 돌비애트모스지원채널 :?3.1.2ch품목 :?사운드바+서브우퍼구성품 :?리모컨, 브라켓포함부가기능 :?야간모드, 게임모드, Adaptive사운드, Q심포니, HDR10+, 4K패스스루, 탭사운드우퍼형태 :?무선우퍼우퍼무게 :?5.5kg네트워크 :?블루투스, SBC, AAC, 블루투스동시연결제품정보더보기",0,삼성전자 삼성 HW-Q600B,178620,100,https://shopping-phinf.pstatic.net/main_3223787/32237877624.20220509154028.jpg?type=f640
41,0,"사운드포맷 :?돌비디지털Plus(True-HD), 돌비디지털Plus, 돌비애트모스지원채널 :?11.1.4ch품목 :?TV사운드바, 사운드바+서브우퍼, 사운드바+서브우퍼+스피커부가기능 :?게임모드, HDR10+, 4K패스스루, 탭사운드, AVA(ActiveVoiceAmplifier), 스페이스핏 사운드 플러스우퍼형태 :?우퍼내장, 무선우퍼네트워크 :?무선랜, 블루투스, AirPlay2지원, Alexa제어제품정보더보기",0,삼성전자 삼성 HW-Q990B,1390000,100,https://shopping-phinf.pstatic.net/main_3162344/31623445619.20220405144544.jpg?type=f640
42,0,"단자 :?USB(Type-A), 마이크, HDMI(ARC)사운드포맷 :?돌비애트모스지원채널 :?5ch품목 :?TV사운드바구성품 :?리모컨, 브라켓포함부가기능 :?4K패스스루출력 :?250W우퍼무게 :?2.8kg네트워크 :?AirPlay지원, 블루투스4.2, WiFi, AmazonAlexa, GoogleAssistant, AVRCP, A2DP제품정보더보기",0,삼성전자 JBL BAR 5.0 MultiBeam,399000,100,https://shopping-phinf.pstatic.net/main_3068804/30688046618.20220126104007.jpg?type=f640
43,0,"단자 :?HDMI(ARC)사운드포맷 :?돌비디지털, DTS-Virtual:X, DTS지원채널 :?3ch품목 :?TV사운드바구성품 :?리모컨, 브라켓포함부가기능 :?서라운드기술, 벽걸이가능, 야간모드, Q심포니, 탭사운드, AdaptiveLite사운드, 뮤직모드우퍼무게 :?2.4kg네트워크 :?블루투스, SBC, AAC, 블루투스동시연결제품정보더보기",0,삼성전자 삼성 HW-S50B/KR,399000,100,https://shopping-phinf.pstatic.net/main_3223875/32238755618.20220509150646.jpg?type=f640
44,0,"단자 :?HDMI, 광입출력, ARC(오디오리턴채널)사운드포맷 :?돌비디지털, DTS:X지원채널 :?5.1.4ch(가상)품목 :?TV사운드바, 사운드바+서브우퍼구성품 :?리모컨, 브라켓포함부가기능 :?서라운드기술, 벽걸이가능, 자동전원Off출력 :?80W폭 :?61.4cm네트워크 :?블루투스제품정보더보기",0,삼성전자 JBL BAR 9.1,899000,100,https://shopping-phinf.pstatic.net/main_2347602/23476029490.20210319122833.jpg?type=f640
45,0,"단자 :?USB, HDMI, 광입출력, ARC(오디오리턴채널)사운드포맷 :?돌비디지털지원채널 :?2ch품목 :?TV사운드바구성품 :?브라켓포함부가기능 :?서라운드기술, 벽걸이가능, 스마트사운드모드, 자동전원Off출력 :?80W소비전력 :?0.5W폭 :?61.4cm네트워크 :?블루투스제품정보더보기",0,JBL Bar 2.0 All in One,148000,100,https://shopping-phinf.pstatic.net/main_2279220/22792200756.20200915113933.jpg?type=f640
48,0,"단자 :?USB, 옵티컬입력사운드포맷 :?돌비디지털, DTS, 베이스부스트지원채널 :?2.1ch품목 :?TV사운드바, 사운드바+서브우퍼부가기능 :?서라운드기술, 야간모드, 게임모드우퍼형태 :?무선우퍼네트워크 :?블루투스제품정보더보기",0,삼성전자 삼성 HW-B450,130080,100,https://shopping-phinf.pstatic.net/main_3150388/31503884620.20220328170101.jpg?type=f640
49,0,"단자 :?HDMI EARC사운드포맷 :?DTS디지털서라운드, 돌비비전, 돌비애트모스품목 :?사운드바+서브우퍼구성품 :?리모컨부가기능 :?터치디스플레이, HDR, 4K패스스루, HDR10출력 :?630W우퍼무게 :?4.6kg네트워크 :?AirPlay2지원, 구글크롬캐스트, 블루투스5.0, AVRCP, A2DP제품정보더보기",0,삼성전자 하만카돈 CITATION 멀티빔 1100 사운드바,989000,100,https://shopping-phinf.pstatic.net/main_3192549/31925491618.20220420102158.jpg?type=f640
51,0,"단자 :?광입력, RCA, HDMI사운드포맷 :?돌비디지털지원채널 :?2.1ch품목 :?TV사운드바, 사운드바+서브우퍼구성품 :?리모컨, 브라켓포함해상도 :?BD Wise(해상도조절)부가기능 :?서라운드기술, 벽걸이가능, 자동전원Off출력 :?300W폭 :?58cm네트워크 :?블루투스제품정보더보기",0,삼성전자 JBL BAR 2.1 Deep Bass,279000,100,https://shopping-phinf.pstatic.net/main_2388093/23880933522.20220629131522.jpg?type=f640
52,0,"단자 :?HDMI사운드포맷 :?DTS-Virtual:X, DTS, 돌비디지털Plus, 돌비애트모스지원채널 :?3.1.2ch품목 :?사운드바+서브우퍼구성품 :?브라켓포함, 스마트리모컨부가기능 :?벽걸이가능, 야간모드, Alexa 음성제어, Adaptive사운드, Q심포니, 탭사운드, 게임프로모드, AVA(ActiveVoiceAmplifier)우퍼형태 :?무선우퍼네트워크 :?블루투스, AirPlay2지원, WiFi제품정보더보기",0,삼성전자 삼성 HW-S801B,599000,100,https://shopping-phinf.pstatic.net/main_3216323/32163231626.20220504123224.jpg?type=f640
53,0,"품목 :?TV사운드바, 사운드바+서브우퍼, 사운드바+서브우퍼+스피커부가기능 :?음성인식(구글어시스턴트)제품정보더보기",0,삼성전자 하만카돈 CITATION 홈시어터 프리미엄 사운드바 풀 패키지 HKCITATWR-B7SS,3090000,100,https://shopping-phinf.pstatic.net/main_2583770/25837705522.20210521173122.jpg?type=f640
54,0,단자 :?HDMI(ARC)지원채널 :?2.1ch품목 :?TV사운드바출력 :?450W재생 :?4K패스스루네트워크 :?블루투스제품정보더보기,0,삼성전자 하만카돈 RADIANCE 2400,3990000,100,https://shopping-phinf.pstatic.net/main_2904419/29044198586.20210930111730.jpg?type=f640
55,0,"지원채널 :?5.1ch품목 :?TV사운드바, 사운드바+서브우퍼, 사운드바+서브우퍼+스피커부가기능 :?음성인식(구글어시스턴트)제품정보더보기",0,삼성전자 하만카돈 CITATION 홈시어터 멀티빔700 BAR 우퍼S 패키지 HKCITAB700-SS,1890000,100,https://shopping-phinf.pstatic.net/main_2584880/25848805522.20210521171341.jpg?type=f640
56,0,"지원채널 :?5.1ch품목 :?TV사운드바, 사운드바+서브우퍼, 사운드바+서브우퍼+스피커부가기능 :?음성인식(구글어시스턴트)제품정보더보기",0,삼성전자 하만카돈 CITATION 홈시어터 타워 우퍼S 패키지 HKCITATWR-B7S,3440000,100,https://shopping-phinf.pstatic.net/main_2584858/25848586522.20210521172345.jpg?type=f640
57,0,"블루투스버전 :?블루투스5.0형태 :?헤드밴드사용시간 :?40시간충전시간 :?2시간음질개선 :?다이나믹드라이버단자 :?USB Type-C부가기능 :?멀티페어링, 핸즈프리, 급속충전저항 :?32Ω용도 :?통화+음악품목 :?블루투스헤드폰무게 :?160g블루투스프로파일 :?HFP, AVRCP, A2DP제품정보더보기",0,삼성전자 JBL T510BT,59000,100,https://shopping-phinf.pstatic.net/main_2900280/29002800586.20210929155312.jpg?type=f640
58,0,"블루투스버전 :?블루투스5.0형태 :?헤드밴드사용시간 :?50시간충전시간 :?2시간음질개선 :?액티브노이즈캔슬링, 다이나믹드라이버단자 :?USB Type-C사운드기능 :?주변소리감지, TalkThru부가기능 :?멀티페어링, 전용어플지원, 급속충전저항 :?32Ω용도 :?통화+음악무게 :?265g블루투스프로파일 :?HFP, AVRCP, A2DP제품정보더보기",0,삼성전자 JBL LIVE 660NC,199000,100,https://shopping-phinf.pstatic.net/main_2884285/28842858586.20221025105452.jpg?type=f640
59,0,블루투스버전 :?블루투스5.0사용시간 :?30시간충전시간 :?2시간품목 :?블루투스헤드폰무게 :?115g제품정보더보기,0,삼성전자 JBL JR310BT,62000,100,https://shopping-phinf.pstatic.net/main_2686996/26869967522.20210929155222.jpg?type=f640
60,0,블루투스버전 :?블루투스5.0배터리용량 :?450mAh충전시간 :?2시간음질개선 :?노이즈캔슬링부가기능 :?핸즈프리저항 :?32Ω용도 :?통화+음악품목 :?블루투스헤드폰무게 :?166g제품정보더보기,0,삼성전자 JBL T660NC,99000,100,https://shopping-phinf.pstatic.net/main_2897111/28971111586.20210929155355.jpg?type=f640
62,0,"블루투스버전 :?블루투스5.0형태 :?헤드밴드음질개선 :?액티브노이즈캔슬링음압감도 :?100dB저항 :?32Ω주파수응답 :?16Hz~20kHz유닛크기 :?40mm용도 :?통화+음악(스테레오), 유무선겸용품목 :?블루투스헤드폰제품정보더보기",0,삼성전자 JBL CLUB ONE,399000,100,https://shopping-phinf.pstatic.net/main_2523479/25234797522.20201224164936.jpg?type=f640
65,0,"유무선 :?유무선겸용드라이버 :?50mm무게 :?418g마이크 :?접이식, 잡음제거연결단자 :?3.5mm(4극)무선방식 :?2.4GHz리모컨 :?마이크음소거, LED작동특징 :?접이식사운드 :?DTS : X전원 :?내장충전지음압감도 :?95dB플러그 :?일자형플러그사용시간 :?43시간충전시간 :?3.5시간채널 :?7.1채널선길이 :?60cm수신거리 :?10m형태 :?헤드밴드색상 :?블랙제품정보더보기",0,삼성전자 JBL QUANTUM 810 퀀텀 무선 게이밍 헤드셋,259000,100,https://shopping-phinf.pstatic.net/main_3437097/34370977618.20220830152619.jpg?type=f640
68,0,"유무선 :?유선호환 :?Playstation, Xbox, VR, MacOS, Switch드라이버 :?40mm무게 :?220g마이크 :?탈착식, 양지향성연결단자 :?3.5mm(4극)특징 :?네오디뮴마그넷음압감도 :?96dB채널 :?1채널선길이 :?120cm형태 :?밀폐형, 헤드밴드부가기능 :?마이크제공, 볼륨조절, 길이조절밴드, 잡음제거마이크(탈착식)색상 :?블랙제품정보더보기",0,삼성전자 JBL QUANTUM 100,69000,100,https://shopping-phinf.pstatic.net/main_2316162/23161626490.20200715171651.jpg?type=f640
70,0,"유무선 :?유선호환 :?Playstation, Xbox, VR, MacOS, 스마트폰, Switch드라이버 :?50mm무게 :?274g마이크 :?일체형, 회전식, 양지향성연결단자 :?3.5mm(4극)특징 :?네오디뮴마그넷사운드 :?DTS : X음압감도 :?98dB채널 :?7.1채널선길이 :?120cm형태 :?헤드밴드부가기능 :?마이크탑재, 볼륨조절, 길이조절밴드색상 :?블랙제품정보더보기",0,삼성전자 JBL QUANTUM 400,109470,100,https://shopping-phinf.pstatic.net/main_2315953/23159531490.20200715171544.jpg?type=f640
71,0,"채널 :?2.0채널단자 :?오디오, AUX, AUX입력, 스피커, 외부입력(Aux)부가기능 :?LED라이트상태표시 :?LED형태 :?북쉘프타입PC연결 :?3.5mm정격출력 :?20W품목 :?PC스피커색상 :?블랙제품정보더보기",0,삼성전자 JBL QUANTUM DUO,199000,100,https://shopping-phinf.pstatic.net/main_2315944/23159446490.20200715171322.jpg?type=f640
72,0,"유무선 :?유선호환 :?Playstation, Xbox, MacOS, 스마트폰, Switch드라이버 :?50mm무게 :?245g마이크 :?일체형, 회전식, 양지향성특징 :?네오디뮴마그넷음압감도 :?100dB채널 :?7.1채널선길이 :?270cm형태 :?헤드밴드부가기능 :?마이크탑재, 볼륨조절, 길이조절밴드, 잡음제거마이크색상 :?블랙제품정보더보기",0,삼성전자 JBL QUANTUM 300,75000,100,https://shopping-phinf.pstatic.net/main_2312180/23121808490.20201119153101.jpg?type=f640
73,0,"에너지효율 :?2등급용량 :?875L크기 :?91.2 x 185.3 x 93cm도어개수 :?4도어냉장실 :?522L냉동실 :?353L소비전력 :?55.9kWh(월)아이스메이커 :?슬림아이스메이커냉각 :?트리플독립냉각디스플레이 :?히든심플디스플레이컴프레서 :?디지털인버터컴프레서탈취 :?청정탈취Plus도어핸들 :?가로핸들정온기술 :?미세정온기술(냉장,냉동)구조 :?上냉장下냉동색상 :?Panel Ready제품정보더보기",0,삼성전자 비스포크 RF85B9002AP,1599000,100,https://shopping-phinf.pstatic.net/main_3143696/31436969618.20220817172709.jpg?type=f640
74,0,"에너지효율 :?1등급용량 :?875L크기 :?912 x 1,853 x 930mm도어개수 :?4도어냉장실 :?522L냉동실 :?353L소비전력 :?43kWh(월)아이스메이커 :?트위스트아이스메이커냉각 :?트리플독립냉각탈취 :?청정탈취Plus도어핸들 :?가로핸들구조 :?上냉장下냉동색상 :?Panel Ready제품정보더보기",0,삼성전자 비스포크 RF85B90P1AP,1929670,100,https://shopping-phinf.pstatic.net/main_3400414/34004147618.20220812125709.jpg?type=f640
75,0,에너지효율 :?3등급용량 :?615L크기 :?91.2 x 185.3 x 69.7cm도어개수 :?4도어냉장실 :?377L냉동실 :?238L소비전력 :?42kWh(월)아이스메이커 :?트위스트아이스메이커냉각 :?트리플독립냉각디스플레이 :?히든심플디스플레이컴프레서 :?디지털인버터컴프레서탈취 :?청정탈취Plus도어핸들 :?가로핸들내부조명 :?LED구조 :?上냉장下냉동형태 :?키친핏제품정보더보기,0,삼성전자 비스포크 RF60B91C3AP,2048900,100,https://shopping-phinf.pstatic.net/main_3133351/31333513618.20220817172136.jpg?type=f640
76,0,에너지효율 :?4등급용량 :?333L크기 :?59.5 x 185.3 x 66.9cm냉장실 :?227L냉동실 :?106L도어개수 :?2도어내부조명 :?TOPLED냉각 :?멀티냉각도어 :?패널레디디스플레이 :?LED디스플레이서랍 :?야채실아이스메이커 :?아이스트레이컴프레서 :?인버터도어핸들 :?리세스핸들형태 :?세미빌트인소비전력 :?21.3kWh(월)구조 :?上냉장下냉동색상 :?Panel Ready스타일 :?비스포크스타일제품정보더보기,0,삼성전자 비스포크 RB33A3004AP,744190,100,https://shopping-phinf.pstatic.net/main_2730000/27300003524.20220630153258.jpg?type=f640
77,0,"에너지효율 :?1등급용량 :?306L냉장실 :?216L냉동실 :?90L도어개수 :?2도어내부조명 :?TOPLED냉각 :?멀티냉각도어 :?좌우개폐디스플레이 :?내부LED디스플레이서랍 :?야채실, 특선실아이스메이커 :?트위스트아이스메이커(분리형)컴프레서 :?인버터도어핸들 :?리세스핸들재질 :?메탈소비전력 :?18.6kWh(월)구조 :?上냉장下냉동색상 :?Elegant Black제품정보더보기",0,삼성전자 삼성 RB30R4051B1,599000,100,https://shopping-phinf.pstatic.net/main_2085830/20858302566.20220511150123.jpg?type=f640
79,0,에너지효율 :?1등급용량 :?874L크기 :?91.2 x 185.3 x 93cm도어개수 :?4도어냉장실 :?821L냉동실 :?353L소비전력 :?43kWh(월)아이스메이커 :?슬림아이스메이커디스플레이 :?히든심플디스플레이컴프레서 :?디지털인버터컴프레서구조 :?上냉장下냉동형태 :?프리스탠딩제품정보더보기,0,삼성전자 비스포크 RF85B9121AP,1757000,100,https://shopping-phinf.pstatic.net/main_3180181/31801813618.20220413130743.jpg?type=f640
80,0,에너지효율 :?1등급용량 :?865L크기 :?91.2 ×185.3 × 93cm도어개수 :?4도어냉장실 :?512L냉동실 :?353L소비전력 :?42.7kWh(월)아이스메이커 :?슬림아이스메이커냉각 :?트리플독립냉각디스플레이 :?히든디스플레이컴프레서 :?인버터탈취 :?UV청정탈취도어핸들 :?가로핸들내부조명 :?LED구조 :?上냉장下냉동제품정보더보기,0,삼성전자 비스포크 RF85B9231AP,2155000,100,https://shopping-phinf.pstatic.net/main_3160692/31606929619.20220817173352.jpg?type=f640
81,0,에너지효율 :?2등급용량 :?255L크기 :?55.5 x 163.5 x 63.7cm냉장실 :?202L냉동실 :?53L도어개수 :?2도어내부조명 :?TOPLED냉각 :?멀티냉각서랍 :?자연야채실선반 :?슬라이드아이스메이커 :?트위스트아이스메이커컴프레서 :?인버터탈취 :?탈취기도어핸들 :?모던히든핸들소비전력 :?27.9kWh(월)색상 :?Elegant Inox제품정보더보기,0,삼성전자 삼성 RT25NARAHS8,368200,100,https://shopping-phinf.pstatic.net/main_1541088/15410881070.20181019174743.jpg?type=f640
82,0,"에너지효율 :?1등급용량 :?847L도어개수 :?4도어냉장실 :?502L냉동실 :?345L소비전력 :?41.7kWh(월)아이스메이커 :?오토아이스메이커냉각 :?트리플독립냉각서랍 :?야채실, 신선팬트리, 맞춤보관실, 에그트레이선반 :?접이식, 빅가드컴프레서 :?디지털인버터컴프레서탈취 :?이온살균청정기Plus, 청정탈취Plus, UV청정탈취홈바기능 :?베버리지센터내부조명 :?LED구조 :?上냉장下냉동디스펜서 :?정수형태 :?프리스탠딩제품정보더보기",0,삼성전자 삼성 RF85B92M1AP,3530000,100,https://shopping-phinf.pstatic.net/main_3136958/31369588618.20220318162051.jpg?type=f640
85,0,"용량 :?25L크기 :?36.7 x 39.6 x 44cm냉장실 :?25L도어개수 :?1도어내부조명 :?LED도어 :?UV코팅도어(자외선차단)디스플레이 :?LED디스플레이서랍 :?슬라이딩케이스, 비스포크수납존스마트기능 :?무선랜(WiFi)부가기능 :?온도표시, 온도설정, 도어알람, 저진동, 잠금장치, WiFi, LED라이팅재질 :?메탈형태 :?프리스탠딩색상 :?코타 화이트, 코타 차콜, 프라임 핑크, 펀 그린, 스카이 블루제품정보더보기",0,삼성전자 삼성 비스포크 큐브 냉장고 뷰티&헬스,549000,100,https://shopping-phinf.pstatic.net/main_2506715/25067159524.20201218174408.jpg?type=f640
90,0,"세척코스 :?강력, 표준, 자동, 급속, 헹굼건조형태 :?프리스탠딩용량 :?12인용부가기능 :?추가헹굼분사방식 :?회전노즐도어형태 :?상하개폐살균방식 :?고온선반 :?2단1회물소비량 :?10L이상예약 :?가능조작부 :?터치식제품크기 :?598*845*600색상 :?블랙 스테인리스용도 :?가정용소비전력 :?2,100W무게 :?47kg제품정보더보기",0,삼성전자 삼성 DW60T7075FG,594200,100,https://shopping-phinf.pstatic.net/main_2339057/23390579492.20200916152224.jpg?type=f640
91,0,"세척코스 :?표준, 스팀불림형태 :?빌트인도어형태 :?상하개폐세척기능 :?4단분사조작부 :?터치식용도 :?가정용제품정보더보기",0,삼성전자 비스포크 DW60A8075UG,699000,100,https://shopping-phinf.pstatic.net/main_3177417/31774174619.20220412170029.jpg?type=f640
93,0,"세척코스 :?강력, 표준, 에코, 급속, 살균, 센서, 통살균, 예약건조방식 :?자동건조, 살균건조, 자동문열림, 강력건조용량 :?6인용부가기능 :?세제,린스공급, 살균검증인증기능 :?살균+건조도어형태 :?상하개폐살균방식 :?고온세척기능 :?회전노즐, 상단날개, 하단날개, 고온직수강력세척1회물소비량 :?10L이하조작부 :?터치식제품크기 :?555 x 450 x 500mm색상 :?화이트용도 :?가정용소비전력 :?1,760~2,100W제품정보더보기",0,삼성전자 삼성 DW30A3030CE,790000,100,https://shopping-phinf.pstatic.net/main_2855662/28556624555.20220907140807.jpg?type=f640
94,0,"세척코스 :?강력, 표준, 에코, 급속, 통살균, 예약형태 :?카운터탑건조방식 :?자동문열림, 강력건조용량 :?6인용부가기능 :?살균검증인증살균방식 :?고온세척기능 :?회전노즐, 상단날개, 하단날개, 입체물살1회물소비량 :?10L이상안전기능 :?누수감지투입구 :?1구디스플레이 :?있음조작부 :?터치식제품크기 :?55.5 x 45 x 50cm전력량 :?0.68kWh용도 :?가정용소비전력 :?1,760~2,100W무게 :?21kg제품정보더보기",0,삼성전자 삼성 DW30A3030C,590000,100,https://shopping-phinf.pstatic.net/main_3135211/31352111623.20220907140526.jpg?type=f640
96,0,"세척코스 :?강력, 표준, 에코, 급속, 센서, 통살균, 예약형태 :?스탠드형건조방식 :?자동건조, 강력건조용량 :?6인용부가기능 :?살균검증인증기능 :?살균+건조분사방식 :?2중분사도어형태 :?상하개폐살균방식 :?고온세척기능 :?회전노즐, 고온직수강력세척안전기능 :?어린이잠금조작부 :?터치식제품크기 :?555 x 450 x 500mm색상 :?핑크용도 :?가정용소비전력 :?1,760~2,100W무게 :?21kg제품정보더보기",0,삼성전자 삼성 DW30A3030CP,590000,100,https://shopping-phinf.pstatic.net/main_2859016/28590160559.20210826173122.jpg?type=f640
97,0,"세척코스 :?강력, 표준, 자동, 급속형태 :?빌트인건조방식 :?열풍건조용량 :?12인용기능 :?살균+건조도어형태 :?상하개폐세척기능 :?회전노즐선반 :?3단1회물소비량 :?10L이상조작부 :?터치식제품크기 :?587 x 815 x 570mm색상 :?코타 / 새틴 / 글램용도 :?가정용소비전력 :?1,760W무게 :?37.5kg제품정보더보기",0,삼성전자 비스포크 DW60B5095UG,799000,100,https://shopping-phinf.pstatic.net/main_3040210/30402108618.20220103142842.jpg?type=f640
98,0,"세척코스 :?강력, 표준, 자동, 불림, 섬세, 급속, 헹굼건조형태 :?빌트인건조방식 :?자동문열림용량 :?8인용부가기능 :?다용도선반, 추가헹굼1회물소비량 :?10L이상안전기능 :?어린이잠금, 아쿠아스탑조작부 :?터치식제품크기 :?45 x 81.5 x 55 cm 소음 :?48dB용도 :?가정용무게 :?35.5kg제품정보더보기",0,삼성전자 삼성 DW50R4055BB,469000,100,https://shopping-phinf.pstatic.net/main_1944758/19447580725.20190807155612.jpg?type=f640
99,0,"형태 :?프리스탠딩건조방식 :?자동문열림, 강력건조용량 :?8인용부가기능 :?바구니높이조절살균방식 :?스팀안전기능 :?누수감지, 안전잠금, 아쿠아스탑소독방식 :?열탕소독제품크기 :?44.9 x 84.5 x 60cm용도 :?가정용제품정보더보기",0,삼성전자 삼성 DW50T4065SS,645180,100,https://shopping-phinf.pstatic.net/main_2331751/23317510493.20200716122753.jpg?type=f640
100,0,"세척코스 :?강력, 표준, 자동, 불림, 급속, 살균, 유리, 헹굼, 내부, 예약형태 :?빌트인건조방식 :?자동문열림, 강력건조용량 :?12인용부가기능 :?저소음, 스마트폰제어, WI-FI, 바구니높이조절살균방식 :?고온1회물소비량 :?10L이상안전기능 :?누수감지, 안전잠금, 아쿠아스탑디스플레이 :?있음조작부 :?터치식제품크기 :?59.8 x 84.5 x 60 cm 용도 :?가정용무게 :?47kg제품정보더보기",0,삼성전자 삼성 DW60T8075FG,781430,100,https://shopping-phinf.pstatic.net/main_2331990/23319908491.20200716122615.jpg?type=f640
101,0,"세척코스 :?강력, 표준, 자동, 불림, 섬세, 급속, 헹굼건조형태 :?프리스탠딩용량 :?8인용조작부 :?버튼식제품크기 :?449 x 845 x 600 mm색상 :?리얼 스테인리스무게 :?42.5 kg제품정보더보기",0,삼성전자 삼성 DW50R4055FS,1379290,100,https://shopping-phinf.pstatic.net/main_1938833/19388334840.20190807155444.jpg?type=f640
102,0,"화구수 :?2구설치형태 :?프리스탠딩안전기능 :?잔열표시, 자동전원차단, 어린이잠금화구출력 :?3300W조작부 :?다이얼식온도조절 :?9단조리모드 :?자동요리타이머 :?99분제품크기 :?32 x 59.7 x 4.6cm편의기능 :?터보부스터, 용기감지무게 :?5.6kg색상 :?화이트제품정보더보기",0,삼성전자 삼성 더플레이트 NZ60R7703PW,475000,100,https://shopping-phinf.pstatic.net/main_2128433/21284337193.20200220172746.jpg?type=f640
103,0,"화구수 :?3구설치형태 :?빌트인안전기능 :?어린이잠금화구출력 :?3,200W조작부 :?터치식(슬라이드)타이머 :?가능타공치수 :?56 x 48cm제품크기 :?600 x 522 x 48mm상판 :?세라믹글라스무게 :?13.7kg소비전력 :?3,400W색상 :?글램 화이트제품정보더보기",0,삼성전자 비스포크 NZ63B6502XH,759000,100,https://shopping-phinf.pstatic.net/main_3145241/31452413618.20220324111048.jpg?type=f640
104,0,"화구수 :?1구설치형태 :?프리스탠딩안전기능 :?잔열표시, 자동과열방지, 자동전원차단, 어린이잠금조작부 :?터치식+다이얼식온도조절 :?10단타이머 :?99분제품크기 :?310 x 320 x 46mm상판 :?세라믹글라스(쇼트)편의기능 :?용기감지소비전력 :?2,000W색상 :?화이트제품정보더보기",0,삼성전자 삼성 NZ21B2001FX,184000,100,https://shopping-phinf.pstatic.net/main_3142192/31421922618.20220322162940.jpg?type=f640
105,0,"화구수 :?3구설치형태 :?빌트인안전기능 :?잔열표시, 자동전원차단, 어린이잠금화구출력 :?3,300W조작부 :?터치식(슬라이드), LED디스플레이온도조절 :?9단타이머 :?가능타공치수 :?56 x 48cm제품크기 :?600 x 522 x 56mm상판 :?세라믹글라스편의기능 :?용기감지소비전력 :?3,400W색상 :?글램 화이트제품정보더보기",0,삼성전자 비스포크 NZ63B8708XH,813710,100,https://shopping-phinf.pstatic.net/main_3040296/30402966618.20220103155218.jpg?type=f640
106,0,"화구수 :?2구설치형태 :?빌트인, 프리스탠딩안전기능 :?잔열표시, 자동과열방지, 자동전원차단, 어린이잠금화구출력 :?2,600W조작부 :?터치식(슬라이드), LED디스플레이온도조절 :?15단전력제어 :?가능타이머 :?가능타공치수 :?56 x 48cm제품크기 :?590 x 520 x 60mm상판 :?세라믹글라스편의기능 :?터보부스터, 용기감지, 시간제어, 미세화력조절무게 :?8.6kg색상 :?블랙제품정보더보기",0,삼성전자 삼성 NZ62T3707AK,499000,100,https://shopping-phinf.pstatic.net/main_2371524/23715240490.20200826121423.jpg?type=f640
107,0,"화구수 :?2구설치형태 :?프리스탠딩안전기능 :?잔열표시, 자동과열방지, 자동전원차단, 어린이잠금화구출력 :?3300W조작부 :?터치식+다이얼식, LED디스플레이온도조절 :?9단조리모드 :?자동요리타이머 :?99분제품크기 :?32 x 59.7 x 4.6cm편의기능 :?터보부스터, 용기감지무게 :?5.6kg색상 :?블랙제품정보더보기",0,삼성전자 삼성 더플레이트 NZ60R3703PK,475000,100,https://shopping-phinf.pstatic.net/main_2124367/21243673179.20200220173000.jpg?type=f640
108,0,"화구수 :?3구설치형태 :?빌트인, 프리스탠딩안전기능 :?잔열표시, 자동과열방지, 자동전원차단, 어린이잠금화구출력 :?3,000W스마트기능 :?WiFi, 원격제어조작부 :?터치식(슬라이드), LED디스플레이온도조절 :?9단조리모드 :?자동요리타이머 :?가능타공치수 :?48 x 56cm제품크기 :?522 x 600 x 56mm편의기능 :?터보부스터, 용기감지, 일시정지, 시간제어무게 :?10.7kg색상 :?화이트제품정보더보기",0,삼성전자 비스포크 NZ63T8708XW,854600,100,https://shopping-phinf.pstatic.net/main_2422748/24227483522.20201022152300.jpg?type=f640
109,0,"화구수 :?2구설치형태 :?프리스탠딩안전기능 :?잔열표시, 자동전원차단, 어린이잠금화구출력 :?3300W조작부 :?다이얼식온도조절 :?6단조리모드 :?자동요리타이머 :?99분제품크기 :?32 x 59.7 x 4.6cm편의기능 :?터보부스터, 용기감지무게 :?5.6kg색상 :?화이트제품정보더보기",0,삼성전자 삼성 더플레이트 NZ60R7703PWB,396330,100,https://shopping-phinf.pstatic.net/main_2191030/21910300318.20200716145544.jpg?type=f640
110,0,"화구수 :?3구설치형태 :?빌트인안전기능 :?잔열표시, 자동과열방지, 자동전원차단, 어린이잠금화구출력 :?3,300W조작부 :?터치식(슬라이드), LED디스플레이온도조절 :?15단전력제어 :?가능타이머 :?가능타공치수 :?56 x 48cm제품크기 :?590 x 520 x 60mm상판 :?세라믹글라스편의기능 :?터보부스터, 용기감지, 시간제어, 미세화력조절무게 :?9.2kg색상 :?블랙제품정보더보기",0,삼성전자 삼성 NZ63T5702AK,659000,100,https://shopping-phinf.pstatic.net/main_2303746/23037462490.20200603180034.jpg?type=f640
111,0,"용량 :?22L조작부 :?다이얼식소비전력 :?2,550W도어열림 :?상하조리기능 :?해동, 그릴, 에어프라이어, 토스트, 스캔쿡, 셰프쿡부가기능 :?탈취, 타이머설정, Wi-Fi, 잠금구성기능 :?전기오븐+전기그릴+전자레인지색상 :?글램베이지안전기능 :?화면자동꺼짐무게 :?23.3kg제품정보더보기",0,삼성전자 비스포크 큐커 MO22A7797,390000,100,https://shopping-phinf.pstatic.net/main_2835643/28356436554.20220907141326.jpg?type=f640
112,0,"용량 :?23L출력 :?700W조작부 :?버튼식부가기능 :?탈취, 보온디자인 :?LED디스플레이조리기능 :?자동조리, 수동조리, 간편조리, 해동, 데우기가열방식 :?3면입체가열제품정보더보기",0,삼성전자 삼성 MS23K3513AW,125000,100,https://shopping-phinf.pstatic.net/main_9558597/9558597644.20161209144952.jpg?type=f640
113,0,"출력 :?700W조작부 :?버튼식부가기능 :?탈취, 보온디자인 :?LED디스플레이조리기능 :?자동조리, 수동조리, 간편조리, 해동가열방식 :?3면입체가열제품정보더보기",0,삼성전자 삼성 MS23K3535AW,91890,100,https://shopping-phinf.pstatic.net/main_1294631/12946315941.20181019120217.jpg?type=f640
114,0,"용량 :?23L출력 :?700W조작부 :?버튼식부가기능 :?탈취, 보온디자인 :?LED디스플레이조리기능 :?자동조리, 수동조리, 간편조리, 해동, 데우기가열방식 :?3면입체가열제품정보더보기",0,삼성전자 삼성 MS23K3513AK,125000,100,https://shopping-phinf.pstatic.net/main_1852550/18525509629.20190620101555.jpg?type=f640
115,0,"출력 :?700W조작부 :?버튼식부가기능 :?탈취, 보온디자인 :?LED디스플레이조리기능 :?수동조리, 간편조리, 해동, 데우기가열방식 :?3면입체가열제품정보더보기",0,삼성전자 삼성 MS23K3523AW,102110,100,https://shopping-phinf.pstatic.net/main_1126365/11263651436.20190318161821.jpg?type=f640
116,0,"용량 :?23L출력 :?700W조작부 :?버튼식부가기능 :?탈취, 보온디자인 :?LED디스플레이조리기능 :?자동조리, 수동조리, 간편조리, 해동, 데우기가열방식 :?3면입체가열제품정보더보기",0,삼성전자 삼성 MS23K3523AK,94410,100,https://shopping-phinf.pstatic.net/main_1859356/18593563166.20200716150541.jpg?type=f640
128,0,"출시 :?2020년형형태 :?히트펌프식관리방식 :?제트에어, 제트스팀건조방식 :?저온제습건조살균 :?표준, 미세먼지필터 :?미세먼지필터, 냄새분해필터용량 :?상의5벌+하의1벌소비전력 :?1,700W품목 :?의류관리기건조코스 :?급속, 시간설정, 실내제습제품정보더보기",0,삼성전자 에어드레서 DF10T9700CG,584920,100,https://shopping-phinf.pstatic.net/main_2344984/23449840494.20200916150859.jpg?type=f640
132,0,"출시년도 :?2021년에너지효율 :?5등급냉방면적 :?18.7㎡냉방능력 :?2300W소비전력 :?0.73kW운전모드 :?예약, 절전, 스피드, 열대야쾌면풍량조절 :?가능바람방향 :?상하제습 :?강력제습디스플레이 :?88seg디스플레이품목 :?벽걸이형에어컨제품정보더보기",0,삼성전자 삼성 AR06A1171HZS,606250,100,https://shopping-phinf.pstatic.net/main_3203516/32035166618.20220426145222.jpg?type=f640
133,0,"출시년도 :?2020년에너지효율 :?4등급냉방면적 :?56.9㎡+18.7㎡냉방능력 :?7,000W인버터 :?초절전디지털인버터소비전력 :?2.05kW사용량표시 :?1회사용전력량, 목표전력량설정풍량조절 :?가능냉방 :?무풍냉방, 회오리바람인공지능 :?쾌적, 가능제습 :?강력제습습도 :?습도센서에어컨청소 :?자동청소건조필터청소 :?필터청소알림, 필터청소가이드토출구 :?상하좌우품목 :?멀티형에어컨(2in1)제품정보더보기",0,삼성전자 무풍클래식 AF17T7974WZR,893360,100,https://shopping-phinf.pstatic.net/main_2243570/22435708648.20200716170447.jpg?type=f640
138,0,"냉방면적 :?56.9㎡소비전력 :?2.05kW스마트기능 :?Wi-Fi 내장, 음성안내, 웰컴쿨링디스플레이 :?LED디스플레이제품정보더보기",0,삼성전자 삼성 AF17T7974CZS,1520000,100,https://shopping-phinf.pstatic.net/main_2559562/25595623528.20210120171736.jpg?type=f640
139,0,"모터 :?AC모터바람세기 :?4단바람모드 :?초미풍형태 :?스탠드형날개특징 :?5엽날개부가기능 :?높이조절, 타이머조절기능 :?좌우회전타이머 :?3시간날개크기 :?35cm색상 :?화이트무게 :?4.1kg높이조절 :?16cm품목 :?선풍기좌우회전각도 :?80도제품크기 :?419 x 910 x 345mm조작부 :?버튼식제품정보더보기",0,삼성전자 삼성 SFN-T35GFST,85830,100,https://shopping-phinf.pstatic.net/main_3231719/32317191618.20220513163739.jpg?type=f640
140,0,"모터 :?BLDC모터(브러시리스)바람세기 :?12단바람모드 :?초미풍형태 :?스탠드형날개특징 :?7엽날개리모컨 :?자석부착형부가기능 :?이동손잡이, 타이머조절기능 :?좌우회전타이머 :?12시간소음 :?20dB날개크기 :?30cm색상 :?화이트품목 :?선풍기최대소비전력 :?21W좌우회전각도 :?80도제품크기 :?326 x 927 x 340mm조작부 :?터치식제품정보더보기",0,삼성전자 삼성 SFN-T30DXGW,139000,100,https://shopping-phinf.pstatic.net/main_3284683/32846837619.20220609151631.jpg?type=f640
141,0,"모터 :?AC모터바람세기 :?6단바람모드 :?초미풍형태 :?스탠드형날개특징 :?5엽날개리모컨 :?거치형부가기능 :?높이조절, 이동손잡이, 타이머조절기능 :?좌우회전타이머 :?3시간날개크기 :?35cm색상 :?화이트무게 :?4.4kg품목 :?선풍기좌우회전각도 :?80도제품크기 :?419 x 917 x 390mm제품정보더보기",0,삼성전자 삼성 SFN-T35RSST,99000,100,https://shopping-phinf.pstatic.net/main_3235168/32351682618.20220516094149.jpg?type=f640
152,0,"품목 :?핸디스틱청소기형태 :?상중심사용시간 :?1시간청소방식 :?흡입+걸레겸용충전시간 :?3시간30분배터리종류 :?리튬이온, 분리형흡입력 :?210W모터 :?디지털인버터모터, 인버터모터부가기능 :?스틱길이조절, 자동먼지비움, 스위블헤드, LCD디스플레이충전알림 :?충전표시등(LED)브러쉬 :?슬림소프트마루브러쉬보조용 :?틈새브러쉬, 솔먼지통 :?물세척가능무게 :?2.5kg먼지통용량 :?0.5L출시년도 :?2022년제품정보더보기",0,삼성전자 비스포크제트 VS20A956AVW,445161,100,https://shopping-phinf.pstatic.net/main_3045460/30454608625.20220107160539.jpg?type=f640
154,0,"사용시간 :?1시간30분청소모드 :?예약배터리종류 :?리튬이온모터 :?디지털인버터모터소비전력 :?60W부가기능 :?엉킴제거브러쉬, LED디스플레이안전기능 :?바닥감지스마트기능 :?스마트맵핑, 음성인식스마트폰제어 :?가상경계시스템, 청소구역설정센서 :?추락방지, 바닥감지, LiDAR센서브러쉬 :?소프트마루브러쉬먼지통 :?물세척가능먼지통용량 :?0.4L무게 :?3.4kg제품크기 :?350 x 99.8 x 350mm제품정보더보기",0,삼성전자 비스포크제트봇 VR30T80313,449000,100,https://shopping-phinf.pstatic.net/main_2709356/27093562522.20220630152915.jpg?type=f640
155,0,"품목 :?핸디스틱청소기형태 :?상중심집진방식 :?제트싸이클론사용시간 :?1시간청소방식 :?흡입+걸레겸용충전시간 :?3시간30분(2개기준)흡입력 :?200W흡입력조절 :?3단계모터 :?디지털인버터모터, 인버터모터전압 :?21.6V부가기능 :?LED디스플레이, 거치대브러쉬 :?바닥용보조용 :?틈새브러쉬, 솔먼지통 :?물세척가능제품크기 :?250 x 215 x 1,123mm먼지통용량 :?0.6L제품정보더보기",0,삼성전자 제트 VS20T92K3QD,429000,100,https://shopping-phinf.pstatic.net/main_3216869/32168695622.20220506105208.jpg?type=f640
156,0,"품목 :?진공청소기청소방식 :?흡입전용집진방식 :?싸이클론필터 :?배기필터, 모터보호필터다중필터 :?3중필터소비전력 :?1,200W에너지효율 :?4등급부가기능 :?무선호스, 자동코드감기세척 :?스펀지필터(물세척)연장관 :?알루미늄연장관소음 :?71dB브러쉬 :?와이드보조용 :?틈새브러쉬, 솔, 2in1먼지통 :?투명코드길이 :?6m먼지통용량 :?1.5L무게 :?4.5kg제품크기 :?27.2 x 24.3 x 39.8cm제품정보더보기",0,삼성전자 삼성 VC33M2110LP,84900,100,https://shopping-phinf.pstatic.net/main_1138100/11381001964.20191115123037.jpg?type=f640
159,0,품목 :?소형청소기형태 :?핸디형사용시간 :?10분청소방식 :?흡입전용충전시간 :?8시간배터리종류 :?니켈수소충전방식 :?어댑터충전소비전력 :?48W세척 :?집진필터(물세척)충전알림 :?충전표시등(LED)제품크기 :?10.3 x 31.7 x 17.4cm무게 :?0.76kg먼지통용량 :?0.15L제품정보더보기,0,삼성전자 삼성 VC-H22,43000,100,https://shopping-phinf.pstatic.net/main_1574816/15748166883.20181019173326.jpg?type=f640
